{
    "libero_franka": {
        "statistics": {
            "state": {
                "x": {
                    "max": [
                        0.1759040206670761
                    ],
                    "min": [
                        -0.3095473051071167
                    ],
                    "mean": [
                        -0.024462558329105377
                    ],
                    "std": [
                        0.1101478561758995
                    ],
                    "q01": [
                        -0.2727657300233841
                    ],
                    "q99": [
                        0.13529365032911292
                    ]
                },
                "y": {
                    "max": [
                        0.3904820382595062
                    ],
                    "min": [
                        -0.29250794649124146
                    ],
                    "mean": [
                        0.106529600918293
                    ],
                    "std": [
                        0.13784688711166382
                    ],
                    "q01": [
                        -0.23721413239836692
                    ],
                    "q99": [
                        0.3629165390133857
                    ]
                },
                "z": {
                    "max": [
                        1.3290715217590332
                    ],
                    "min": [
                        0.9095591306686401
                    ],
                    "mean": [
                        1.0580483675003052
                    ],
                    "std": [
                        0.1044282391667366
                    ],
                    "q01": [
                        0.9160063165426254
                    ],
                    "q99": [
                        1.2862326657772063
                    ]
                },
                "roll": {
                    "max": [
                        3.4566118717193604
                    ],
                    "min": [
                        2.497488260269165
                    ],
                    "mean": [
                        3.0628468990325928
                    ],
                    "std": [
                        0.10451053828001022
                    ],
                    "q01": [
                        2.77949666261673
                    ],
                    "q99": [
                        3.2829698753356933
                    ]
                },
                "pitch": {
                    "max": [
                        1.2268599271774292
                    ],
                    "min": [
                        -1.8006486892700195
                    ],
                    "mean": [
                        -0.10464039444923401
                    ],
                    "std": [
                        0.4112098217010498
                    ],
                    "q01": [
                        -1.3187511622905732
                    ],
                    "q99": [
                        0.9332760351896285
                    ]
                },
                "yaw": {
                    "max": [
                        1.0429412126541138
                    ],
                    "min": [
                        -0.7207611203193665
                    ],
                    "mean": [
                        0.08307311683893204
                    ],
                    "std": [
                        0.2176690548658371
                    ],
                    "q01": [
                        -0.41989982962608335
                    ],
                    "q99": [
                        0.6325724506378171
                    ]
                },
                "gripper": {
                    "max": [
                        0.041053611785173416,
                        0.000775813648942858
                    ],
                    "min": [
                        -0.0004703797458205372,
                        -0.041536275297403336
                    ],
                    "mean": [
                        0.01995457336306572,
                        -0.020162804052233696
                    ],
                    "std": [
                        0.017260896041989326,
                        0.0171116404235363
                    ],
                    "q01": [
                        0.001503719249740243,
                        -0.03989770736545324
                    ],
                    "q99": [
                        0.039933966137468815,
                        -0.001671919699292631
                    ]
                }
            },
            "action": {
                "x": {
                    "max": [
                        0.9375
                    ],
                    "min": [
                        -0.9375
                    ],
                    "mean": [
                        0.15312479436397552
                    ],
                    "std": [
                        0.41272708773612976
                    ],
                    "q01": [
                        -0.7454732114076613
                    ],
                    "q99": [
                        0.9375
                    ]
                },
                "y": {
                    "max": [
                        0.9375
                    ],
                    "min": [
                        -0.9375
                    ],
                    "mean": [
                        0.13707277178764343
                    ],
                    "std": [
                        0.34724321961402893
                    ],
                    "q01": [
                        -0.6616071462631226
                    ],
                    "q99": [
                        0.8758928775787354
                    ]
                },
                "z": {
                    "max": [
                        0.9375
                    ],
                    "min": [
                        -0.9375
                    ],
                    "mean": [
                        -0.15526802837848663
                    ],
                    "std": [
                        0.50869220495224
                    ],
                    "q01": [
                        -0.9375
                    ],
                    "q99": [
                        0.9321428537368774
                    ]
                },
                "roll": {
                    "max": [
                        0.1971428543329239
                    ],
                    "min": [
                        -0.1875
                    ],
                    "mean": [
                        -0.005176450591534376
                    ],
                    "std": [
                        0.037266165018081665
                    ],
                    "q01": [
                        -0.1071428582072258
                    ],
                    "q99": [
                        0.1039285734295845
                    ]
                },
                "pitch": {
                    "max": [
                        0.33642858266830444
                    ],
                    "min": [
                        -0.3675000071525574
                    ],
                    "mean": [
                        -0.01120874285697937
                    ],
                    "std": [
                        0.07244449853897095
                    ],
                    "q01": [
                        -0.20678570866584778
                    ],
                    "q99": [
                        0.17678570747375488
                    ]
                },
                "yaw": {
                    "max": [
                        0.375
                    ],
                    "min": [
                        -0.36000001430511475
                    ],