{
    "joint_position": {
        "max": [
            1.6475145369768143,
            1.6828007698059082,
            1.5871893465518951,
            1.6076077818870544,
            1.872012484818697,
            1.7370636463165283,
            1.7409760355949402
        ],
        "min": [
            -1.4563361406326294,
            -1.500712275505066,
            -1.6705385893583298,
            -1.5497732758522034,
            -1.768971860408783,
            -1.9271130561828613,
            -2.474250555038452
        ],
        "mean": [
            0.00012951342338545464,
            0.0508096058313388,
            -0.0024907117470723927,
            0.0365122661649235,
            0.0012595090131636412,
            0.021948159430339897,
            0.003841720590710869
        ],
        "std": [
            0.1209118887882591,
            0.22745650869253414,
            0.11861070147313195,
            0.20386639409140764,
            0.19154733341500796,
            0.20505266847196416,
            0.23285647590451033
        ],
        "q01": [
            -0.3512948122806847,
            -0.5638065494596958,
            -0.3593607287853956,
            -0.5812638074159622,
            -0.596881315112114,
            -0.554287314414978,
            -0.7281808264553546
        ],
        "q99": [
            0.371488112956283,
            0.7103752411901935,
            0.3510415617376565,
            0.6400450408458701,
            0.603970924019813,
            0.6672160446643826,
            0.7029751535505053
        ]
    }
}