{
    "observation.state": {
        "max": [
            0.8575563430786133,
            0.8196876049041748,
            1.0066224336624146,
            3.1415927410125732,
            1.5705928802490234,
            3.1415927410125732,
            1.0,
            2.6687583923339844,
            1.5840554237365723,
            2.6540958881378174,
            -0.29779934883117676,
            2.6624162197113037,
            4.272191524505615,
            2.755643367767334
        ],
        "min": [
            -0.1557805985212326,
            -0.8236568570137024,
            -0.24001094698905945,
            -3.141592502593994,
            -1.5703768730163574,
            -3.141538381576538,
            0.0,
            -2.6536705493927,
            -1.6156227588653564,
            -2.6781487464904785,
            -2.9409868717193604,
            -2.6705946922302246,
            0.24893812835216522,
            -2.757359266281128
        ],
        "mean": [
            0.5193497538566589,
            -0.002151918364688754,
            0.31560245156288147,
            0.2531723380088806,
            -0.09461124986410141,
            -0.07356765121221542,
            0.4058409035205841,
            0.010540884919464588,
            0.276614785194397,
            -0.0161590613424778,
            -1.9568142890930176,
            -0.026198934763669968,
            2.227536916732788,
            0.09755843877792358
        ],
        "std": [
            0.11476767808198929,
            0.1829727441072464,
            0.16433370113372803,
            2.8737549781799316,
            0.35601115226745605,
            0.75840824842453,
            0.40033361315727234,
            0.31223708391189575,
            0.4864124655723572,
            0.27194955945014954,
            0.4877043664455414,
            0.519264817237854,
            0.4608793258666992,
            0.73529052734375
        ],
        "q01": [
            0.27268422961235045,
            -0.45497055172920225,
            -0.05354836031794548,
            -3.1374664306640625,
            -1.211972155570984,
            -2.1168932056427003,
            0.0,
            -0.8875624465942383,
            -0.8370916676521302,
            -0.8531151509284973,
            -2.7690773010253906,
            -1.7587936305999756,
            1.2168634271621703,
            -1.9968851804733276
        ],
        "q99": [
            0.7831132435798644,
            0.4460643017292022,
            0.7798169517517088,
            3.1375176525115966,
            0.9170670509338379,
            1.9290304040908812,
            0.9911894202232361,
            0.9182539391517639,
            1.4385825252532958,
            0.7427385020256034,
            -0.4551836943626404,
            1.6720541000366205,
            3.4903993225097656,
            2.202882013320923
        ]
    },
    "action": {
        "max": [
            0.9295652508735657,
            0.8648782968521118,
            1.074978232383728,
            3.1415927410125732,
            1.569351077079773,
            3.1415891647338867,
            0.9999998211860657,
            0.999991774559021,
            0.9999973177909851,
            0.9999646544456482,
            0.9999954104423523,
            0.9999998807907104,
            1.0,
            1.0,
            2.7449073791503906,
            1.6668277978897095,
            2.7442595958709717,
            -0.1936211884021759,
            2.7786083221435547,
            4.402013778686523,
            2.90183162689209,
            1.0,
            1.0,
            1.0,
            1.0,
            1.0,
            1.0,
            1.0
        ],
        "min": [
            -0.2077193409204483,
            -0.8572492003440857,
            -0.28132379055023193,
            -3.141592502593994,
            -1.570475697517395,
            -3.1415903568267822,
            -0.9999999403953552,
            -0.9999951124191284,
            -0.9999808073043823,
            -0.9999980330467224,
            -0.9999979734420776,
            -0.9999998807907104,
            0.0,
            -1.0,
            -2.781099557876587,
            -1.6407934427261353,
            -2.7493984699249268,
            -2.9508564472198486,
            -2.7826988697052,
            0.17983438074588776,
            -2.901715040206909,
            -1.0,
            -1.0,
            -1.0,
            -1.0,
            -1.0,
            -1.0,
            -1.0
        ],
        "mean": [
            0.5217108130455017,
            -0.0024298648349940777,
            0.31581276655197144,
            0.24151155352592468,
            -0.09780275076627731,
            -0.07566439360380173,
            0.033388834446668625,
            -0.003555452451109886,
            0.009679817594587803,
            0.0048437900841236115,
            -0.030398616567254066,
            -0.01152781117707491,
            0.45342135429382324,
            0.1827152669429779,
            0.009718318469822407,
            0.28475630283355713,
            -0.015922464430332184,
            -1.9493683576583862,
            -0.02583330310881138,
            2.2296223640441895,
            0.09907598048448563,
            -0.0044109513983130455,
            0.02715768851339817,
            0.0016286426689475775,
            0.03931125998497009,
            0.002271172357723117,
            0.003039437113329768,
            0.005330382380634546
        ],
        "std": [
            0.11538878083229065,
            0.18436987698078156,
            0.16514648497104645,
            2.870729446411133,
            0.35923561453819275,
            0.7664689421653748,
            0.2627749443054199,
            0.19091035425662994,
            0.23738151788711548,
            0.2332402914762497,
            0.2385980784893036,
            0.3073643445968628,
            0.4489319622516632,
            0.4509885609149933,
            0.3161209523677826,
            0.48012906312942505,
            0.2736099660396576,
            0.4917301535606384,
            0.5257000923156738,
            0.4642762243747711,
            0.7427776455879211,
            0.15374696254730225,
            0.3027803599834442,
            0.14992965757846832,
            0.2971016466617584,
            0.22211292386054993,
            0.24407541751861572,
            0.2659749686717987
        ],
        "q01": [
            0.27160054326057437,
            -0.4589928162097931,
            -0.058704137057065967,
            -3.137373447418213,
            -1.2186739873886108,
            -2.1329003810882567,
            -0.7699816346168518,
            -0.5809160876274109,
            -0.5864491033554077,
            -0.6676002645492554,
            -0.7112127614021301,
            -0.9161371684074402,
            0.0,
            -1.0,
            -0.8982992434501648,
            -0.8176772451400757,
            -0.8682814669609069,
            -2.7690302562713622,
            -1.7748331832885742,
            1.2010483741760254,
            -2.0138916301727297,
            -0.46244010686874387,
            -0.8048747301101684,
            -0.4464002752304077,
            -0.9347178649902343,
            -0.6377043771743774,
            -0.6352049922943115,
            -0.7570397424697876
        ],